custEmail,custName,custPassword,custContactNo, logoutTime
cyling@gmail.com,Cyling Chia,cyling123,0112345678,null
osas@gmail.com,Osas Chooi,osas123,0122345678,null
moni@gmail.com,Moni Leong,moni123,0132345678,null
milktea@gmail.com,Milktea Lim,milktea123,0142345678,null
penguin@gmail.com,Penguin Ho,penguin123,0152345678,null
vivian@gmail.com,vivian Ho,vivian,016789012,null
happy@gmail.com,Happy,happy123,0192837495,null
