universityID,ranking,universityName,locationCode,location
U1,1,Massachusetts Institute of Technology (MIT) ,US,United States
U2,2,University of Cambridge,UK,United Kingdom
U3,3,Stanford University,US,United States
U4,4,University of Oxford,UK,United Kingdom
U5,5,Harvard University,US,United States
U6,6,California Institute of Technology (Caltech),US,United States
U7,7,Imperial College London,UK,United Kingdom
U8,8,UCL,UK,United Kingdom
U9,9,ETH Zurich - Swiss Federal Institute of Technology,CH,Switzerland
U10,10,University of Chicago,US,United States
U11,11,National University of Singapore (NUS),SG,Singapore
U12,12,Peking University,CN,China (Mainland)
U13,13,University of Pennsylvania,US,United States
U14,14,Tsinghua University,CN,China (Mainland)
U15,15,The University of Edinburgh,UK,United Kingdom
U16,16,EPFL,CH,Switzerland
U17,17,Princeton University,US,United States
U18,18,Yale University,US,United States
U19,19,"Nanyang Technological University, Singapore (NTU)",SG,Singapore
U20,20,Cornell University,US,United States
U21,21,The University of Hong Kong,HK,Hong Kong SAR
U22,22,Columbia University,US,United States
U23,23,The University of Tokyo,JP,Japan
U24,24,Johns Hopkins University,US,United States
U25,25,University of Michigan-Ann Arbor,US,United States
U26,26,Université PSL,FR,France
U27,27,"University of California, Berkeley (UCB)",US,United States
U28,28,The University of Manchester,UK,United Kingdom
U29,29,Seoul National University,KR,South Korea
U30,30,The Australian National University,AU,Australia
U31,31,McGill University,CA,Canada
U32,32,Northwestern University,US,United States
U33,33,The University of Melbourne,AU,Australia
U34,34,Fudan University,CN,China (Mainland)
U35,35,University of Toronto,CA,Canada
U36,36,Kyoto University,JP,Japan
U37,37,King's College London,UK,United Kingdom
U38,38,The Chinese University of Hong Kong (CUHK),HK,Hong Kong SAR
U39,39,New York University (NYU),US,United States
U40,40,The Hong Kong University of Science and Technology,HK,Hong Kong SAR
U41,41,The University of Sydney,AU,Australia
U42,42,KAIST - Korea Advanced Institute of Science & Technology,KR,South Korea
U43,43,Zhejiang University,CN,China (Mainland)
U44,44,"University of California, Los Angeles (UCLA)",US,United States
U45,45,The University of New South Wales (UNSW Sydney),AU,Australia
U46,46,Shanghai Jiao Tong University,CN,China (Mainland)
U47,47,University of British Columbia,CA,Canada
U48,48,Institut Polytechnique de Paris,FR,France
U49,49,Technical University of Munich,DE,Germany
U50,50,Duke University,US,United States
U51,51,The University of Queensland,AU,Australia
U52,52,Carnegie Mellon University,US,United States
U53,53,"University of California, San Diego (UCSD)",US,United States
U54,54,City University of Hong Kong,HK,Hong Kong SAR
U55,55,Tokyo Institute of Technology (Tokyo Tech),JP,Japan
U56,56,The London School of Economics and Political Science (LSE),UK,United Kingdom
U57,57,Monash University,AU,Australia
U58,58,University of Amsterdam,NL,Netherlands
U59,59,Ludwig-Maximilians-Universität München,DE,Germany
U60,60,Sorbonne University,FR,France
U61,61,Delft University of Technology,NL,Netherlands
U62,62,University of Bristol,UK,United Kingdom
U63,63,Brown University,US,United States
U64,64,The University of Warwick,UK,United Kingdom
U65,65,Ruprecht-Karls-Universität Heidelberg,DE,Germany
U66,66,The Hong Kong Polytechnic University,HK,Hong Kong SAR
U67,67,Universidad de Buenos Aires (UBA),AR,Argentina
U68,68,Osaka University,JP,Japan
U69,69,Université Paris-Saclay,FR,France
U70,70,Universiti Malaya (UM),MY,Malaysia
U71,71,Pohang University of Science And Technology (POSTECH),KR,South Korea
U72,72,University of Texas at Austin,US,United States
U73,73,Yonsei University,KR,South Korea
U74,74,Korea University,KR,South Korea
U75,75,Lomonosov Moscow State University,RU,Russia
U76,76,KU Leuven,BE,Belgium
U77,77,National Taiwan University (NTU),TW,Taiwan
U78,78,University of Southampton,UK,United Kingdom
U79,79,Tohoku University,JP,Japan
U80,80,University of Washington,US,United States
U81,81,University of Glasgow,UK,United Kingdom
U82,82,University of Copenhagen,DK,Denmark
U83,83,University of Wisconsin-Madison,US,United States
U84,84,University of Zurich,CH,Switzerland
U85,85,University of Illinois at Urbana-Champaign,US,United States
U86,86,University of Leeds,UK,United Kingdom
U87,87,The University of Auckland,NZ,New Zealand
U88,88,Georgia Institute of Technology,US,United States
U89,89,KTH Royal Institute of Technology ,SE,Sweden
U90,90,The University of Western Australia,AU,Australia
U91,91,University of Birmingham,UK,United Kingdom
U92,92,Durham University,UK,United Kingdom
U93,93,Pennsylvania State University,US,United States
U94,94,University of Science and Technology of China,CN,China (Mainland)
U95,95,Lund University,SE,Sweden
U96,96,The University of Sheffield,UK,United Kingdom
U97,97,University of St Andrews,UK,United Kingdom
U98,98,"Trinity College Dublin, The University of Dublin",IE,Ireland
U99,99,Sungkyunkwan University(SKKU),KR,South Korea
U100,100,Rice University,US,United States
U101,101,University of Oslo,NO,Norway
U102,102,"University of California, Davis",US,United States
U103,103,"University of North Carolina, Chapel Hill",US,United States
U104,104,Technical University of Denmark,DK,Denmark
U105,105,Universidad Nacional Autónoma de México (UNAM),MX,Mexico
U106,106,King Abdulaziz University (KAU),SA,Saudi Arabia
U107,107,University of Helsinki,FI,Finland
U108,108,Boston University,US,United States
U109,109,The University of Adelaide,AU,Australia
U110,110,University of Alberta,CA,Canada
U111,111,École Normale Supérieure de Lyon,FR,France
U112,112,Nagoya University,JP,Japan
U113,113,Utrecht University,NL,Netherlands
U114,114,University of Nottingham,UK,United Kingdom
U115,115,Universidade de São Paulo,BR,Brazil
U116,116,Aalto University,FI,Finland
U117,117,Université de Montréal ,CA,Canada
U118,118,Freie Universitaet Berlin,DE,Germany
U119,119,Washington University in St. Louis,US,United States
U120,120,University of Bern,CH,Switzerland
U121,121,Pontificia Universidad Católica de Chile (UC),CL,Chile
U122,122,Newcastle University,UK,United Kingdom
U123,123,Universiti Putra Malaysia (UPM),MY,Malaysia
U124,124,Wageningen University & Research,NL,Netherlands
U125,125,Chalmers University of Technology,SE,Sweden
U126,126,Queen Mary University of London,UK,United Kingdom
U127,127,University of Geneva,CH,Switzerland
U128,128,Uppsala University,SE,Sweden
U129,129,Purdue University,US,United States
U130,130,Universiti Kebangsaan Malaysia (UKM),MY,Malaysia
U131,131,Humboldt-Universität zu Berlin,DE,Germany
U132,132,Leiden University,NL,Netherlands
U133,133,Nanjing University,CN,China (Mainland)
U134,134,University of Southern California,US,United States
U135,135,Kyushu University,JP,Japan
U136,136,University of Basel,CH,Switzerland
U137,137,University of Technology Sydney,AU,Australia
U138,138,Eindhoven University of Technology,NL,Netherlands
U139,139,Politecnico di Milano,IT,Italy
U140,140,The Ohio State University,US,United States
U141,141,Hokkaido University,JP,Japan
U142,142,"KIT, Karlsruhe Institute of Technology",DE,Germany
U143,143,Ghent University,BE,Belgium
U144,144,Universiti Sains Malaysia (USM),MY,Malaysia
U145,145,University of Groningen,NL,Netherlands
U146,146,Lancaster University,UK,United Kingdom
U147,147,RWTH Aachen University,DE,Germany
U148,148,University of Rochester,US,United States
U149,149,"University of California, Santa Barbara (UCSB)",US,United States
U150,150,Al-Farabi Kazakh National University,KZ,Kazakhstan
U151,151,University of Vienna,AT,Austria
U152,152,McMaster University,CA,Canada
U153,153,Stockholm University,SE,Sweden
U154,154,University of Waterloo,CA,Canada
U155,155,Emory University,US,United States
U156,156,Indian Institute of Science,IN,India
U157,157,Hanyang University,KR,South Korea
U158,158,Technische Universität Berlin (TU Berlin),DE,Germany
U159,159,Michigan State University,US,United States
U160,160,King Fahd University of Petroleum & Minerals,SA,Saudi Arabia
U161,161,Aarhus University,DK,Denmark
U162,162,University of York,UK,United Kingdom
U163,163,The University of Exeter,UK,United Kingdom
U164,164,Texas A&M University,US,United States
U165,165,"University of Maryland, College Park",US,United States
U166,166,Cardiff University,UK,United Kingdom
U167,167,Alma Mater Studiorum - University of Bologna,IT,Italy
U168,168,Universidad de Chile,CL,Chile
U169,169,Eberhard Karls Universität Tübingen,DE,Germany
U170,170,Tecnológico de Monterrey,MX,Mexico
U171,171,Sapienza University of Rome,IT,Italy
U172,172,Indian Institute of Technology Bombay (IITB),IN,India
U173,173,Western University,CA,Canada
U174,174,Ecole des Ponts ParisTech,FR,France
U175,175,Indian Institute of Technology Delhi (IITD),IN,India
U176,176,Case Western Reserve University,US,United States
U177,177,National Tsing Hua University,TW,Taiwan
U178,178,Universitat Autònoma de Barcelona,ES,Spain
U179,179,Technische Universität Wien,AT,Austria
U180,180,University of Bath,UK,United Kingdom
U181,181,Khalifa University of Science and Technology,AE,United Arab Emirates
U182,182,University College Dublin,IE,Ireland
U183,183,University of Pittsburgh,US,United States
U184,184,Universitat de Barcelona,ES,Spain
U185,185,University of Gothenburg,SE,Sweden
U186,186,University of Minnesota Twin Cities,US,United States
U187,187,University of Wollongong,AU,Australia
U188,188,University of Florida,US,United States
U189,189,Albert-Ludwigs-Universitaet Freiburg,DE,Germany
U190,190,RMIT University,AU,Australia
U191,191,University of Liverpool,UK,United Kingdom
U192,192,"The University of Newcastle, Australia (UON)",AU,Australia
U193,193,Curtin University,AU,Australia
U194,194,Wuhan University,CN,China (Mainland)
U195,195,Macquarie University,AU,Australia
U196,196,Université catholique de Louvain (UCLouvain),BE,Belgium
U197,197,Keio University,JP,Japan
U198,198,Ulsan National Institute of Science and Technology (UNIST),SK,South Korea
U199,199,Vanderbilt University,US,United States
U200,200,Technische Universität Dresden,DE,Germany
U201,201,Rheinische Friedrich-Wilhelms-Universität Bonn,DE,Germany
U202,202,National Yang Ming Chiao Tung University,TW,Taiwan
U203,203,Universiti Teknologi Malaysia ,MY,Malaysia
U204,204,University of Lausanne,CH,Switzerland
U205,205,Dartmouth College,US,United States
U206,206,Waseda University,JP,Japan
U207,207,University of Bergen,NO,Norway
U208,208,Erasmus University Rotterdam ,NL,Netherlands
U209,209,Qatar University,QA,Qatar
U210,210,Universidade Estadual de Campinas (Unicamp),BR,Brazil
U211,211,Universite libre de Bruxelles,BE,Belgium
U212,212,Tongji University,CN,China (Mainland)
U213,213,University of Twente,NL,Netherlands
U214,214,Vrije Universiteit Amsterdam,NL,Netherlands
U215,215,Universidad Autónoma de Madrid,ES,Spain
U216,216,University of Göttingen,DE,Germany
U217,217,Harbin Institute of Technology,CN,China (Mainland)
U218,218,University of Otago,NZ,New Zealand
U219,219,Arizona State University,US,United States
U220,220,Universidad de los Andes,CO,Colombia
U221,221,University of Aberdeen,UK,United Kingdom
U222,222,Queensland University of Technology (QUT),AU,Australia
U223,223,The Hebrew University of Jerusalem,IL,Israel
U224,224,Chulalongkorn University,TH,Thailand
U225,225,National Cheng Kung University (NCKU),TW,Taiwan
U226,226,Complutense University of Madrid,ES,Spain
U227,227,Southern University of Science and Technology,CN,China (Mainland)
U228,228,Universität Hamburg,DE,Germany
U229,229,University of Reading,UK,United Kingdom
U230,230,Bauman Moscow State Technical University,RU,Russia
U231,231,Gadjah Mada University,ID,Indonesia
U232,232,Radboud University ,NL,Netherlands
U233,233,Queen's University Belfast,UK,United Kingdom
U234,234,Universitat Pompeu Fabra (Barcelona),ES,Spain
U235,235,Bandung Institute of Technology (ITB),ID,Indonesia
U236,236,"University of California, Irvine",US,United States
U237,237,King Saud University,SA,Saudi Arabia
U238,238,University of Cape Town,ZA,South Africa
U239,239,University of Ottawa,CA,Canada
U240,240,University of Sussex,UK,United Kingdom
U241,241,USI - Università della Svizzera italiana,CH,Switzerland
U242,242,University of Calgary,CA,Canada
U243,243,Universidad Nacional de Colombia,CO,Colombia
U244,244,Università di Padova,IT,Italy
U245,245,University of Notre Dame,US,United States
U246,246,Queen's University at Kingston,CA,Canada
U247,247,Yeshiva University,US,United States
U248,248,Universitas Indonesia,ID,Indonesia
U249,249,Université Paris Cité,FR,France
U250,250,Indian Institute of Technology Madras (IITM),IN,India
U251,251,Vrije Universiteit Brussel (VUB),BE,Belgium
U252,252,American University of Beirut (AUB),LB,Lebanon
U253,253,University of Massachusetts Amherst,US,United States
U254,254,University of Navarra,ES,Spain
U255,255,University of Virginia,US,United States
U256,256,Loughborough University,UK,United Kingdom
U257,257,Mahidol University,TH,Thailand
U258,258,Universiti Brunei Darussalam (UBD),BN,Brunei
U259,259,Sciences Po ,FR,France
U260,260,Novosibirsk State University,RU,Russia
U261,261,Tel Aviv University,IL,Israel
U262,262,Beijing Normal University ,CN,China (Mainland)
U263,263,The University of Arizona,US,United States
U264,264,Indian Institute of Technology Kanpur (IITK),IN,India
U265,265,Tomsk State University,RU,Russia
U266,266,Deakin University,AU,Australia
U267,267,Moscow Institute of Physics and Technology (MIPT / Moscow Phystech),RU,Russia
U268,268,Rutgers University–New Brunswick,US,United States
U269,269,Sun Yat-sen University,CN,China (Mainland)
U270,270,Indian Institute of Technology Kharagpur (IIT-KGP),IN,India
U271,271,Kyung Hee University,KR,South Korea
U272,272,National University of Ireland Galway,IE,Ireland
U273,273,Saint Petersburg State University,RU,Russia
U274,274,University of Porto,PT,Portugal
U275,275,Technical University of Darmstadt,DE,Germany
U276,276,Victoria University of Wellington,NZ,New Zealand
U277,277,L.N. Gumilyov Eurasian National University (ENU),KZ,Kazakhstan
U278,278,Maastricht University ,NL,Netherlands
U279,279,University of Leicester,UK,United Kingdom
U280,280,University of Antwerp,BE,Belgium
U281,281,Georgetown University,US,United States
U282,282,Heriot-Watt University,UK,United Kingdom
U283,283,Hong Kong Baptist University,HK,Hong Kong SAR
U284,284,Graz University of Technology,AT,Austria
U285,285,Taylor's University,MY,Malaysia
U286,286,UCSI University,MY,Malaysia
U287,287,University of Canterbury | Te Whare Wānanga o Waitaha,NZ,New Zealand
U288,288,University of Warsaw ,PL,Poland
U289,289,Belarusian State University,BY,Belarus
U290,290,Charles University,CZ,Czech Republic
U291,291,Gwangju Institute of Science and Technology (GIST),KR,South Korea
U292,292,University of Turku,FI,Finland
U293,293,Massey University,NZ,New Zealand
U294,294,Jagiellonian University,PL,Poland
U295,295,University of Tasmania,AU,Australia
U296,296,RUDN University,RU,Russia
U297,297,Swinburne University of Technology,AU,Australia
U298,298,United Arab Emirates University,AE,United Arab Emirates
U299,299,University of Miami,US,United States
U300,300,University of Tartu,EE,Estonia
U301,301,Griffith University,AU,Australia
U302,302,Université Paris 1 Panthéon-Sorbonne ,FR,France
U303,303,Xi’an Jiaotong University,CN,China (Mainland)
U304,304,University College Cork,IE,Ireland
U305,305,University of Macau,MO,Macau SAR
U306,306,University of Surrey,UK,United Kingdom
U307,307,Huazhong University of Science and Technology,CN,China (Mainland)
U308,308,Tianjin University,CN,China (Mainland)
U309,309,Dalhousie University,CA,Canada
U310,310,HSE University,RU,Russia
U311,311,National Research Nuclear University MEPhI (Moscow Engineering Physics Institute),RU,Russia
U312,312,Universität Innsbruck,AT,Austria
U313,313,North Carolina State University,US,United States
U314,314,Tufts University,US,United States
U315,315,University of Tsukuba,JP,Japan
U316,316,La Trobe University,AU,Australia
U317,317,Université Grenoble Alpes,FR,France
U318,318,University of Colorado Boulder,US,United States
U319,319,University of Illinois at Chicago (UIC),US,United States
U320,320,Linköping University,SE,Sweden
U321,321,Universidad Carlos III de Madrid (UC3M),ES,Spain
U322,322,Kazan (Volga region) Federal University,RU,Russia
U323,323,Pontificia Universidad Católica Argentina,AR,Argentina
U324,324,University of Milan,IT,Italy
U325,325,Politecnico di Torino,IT,Italy
U326,326,University of Strathclyde,UK,United Kingdom
U327,327,National Taiwan University of Science and Technology (Taiwan Tech),TW,Taiwan
U328,328,Goethe-University Frankfurt am Main,DE,Germany
U329,329,Simon Fraser University,CA,Canada
U330,330,Aalborg University,DK,Denmark
U331,331,University of Waikato,NZ,New Zealand
U332,332,National Taiwan Normal University,TW,Taiwan
U333,333,Universidade Federal do Rio de Janeiro,BR,Brazil
U334,334,National University of Sciences And Technology (NUST) Islamabad,PK,Pakistan
U335,335,University of Cologne,DE,Germany
U336,336,University of Lisbon ,PT,Portugal
U337,337,Ural Federal University - UrFU,RU,Russia
U338,338,Hiroshima University,JP,Japan
U339,339,Indiana University Bloomington,US,United States
U340,340,Friedrich-Alexander-Universität Erlangen-Nürnberg,DE,Germany
U341,341,Universiti Teknologi Brunei,BN,Brunei
U342,342,University of East Anglia (UEA),UK,United Kingdom
U343,343,"Birkbeck, University of London",UK,United Kingdom
U344,344,Universitat Politècnica de Catalunya · BarcelonaTech (UPC),ES,Spain
U345,345,MGIMO University,RU,Russia
U346,346,Ewha Womans University,KR,South Korea
U347,347,IE University,ES,Spain
U348,348,University of Jyväskylä,FI,Finland
U349,349,University of Southern Denmark (SDU),DK,Denmark
U350,350,Johannes Kepler University Linz,AT,Austria
U351,351,University of Connecticut,US,United States
U352,352,Norwegian University of Science And Technology,NO,Norway
U353,353,Universität Jena,DE,Germany
U354,354, University of Dundee,UK,United Kingdom
U355,355,Beijing Institute of Technology,CN,China (Mainland)
U356,356,"City, University of London",UK,United Kingdom
U357,357,Universität Stuttgart,DE,Germany
U358,358,"University of Chemistry and Technology, Prague",CZ,Czech Republic
U359,359,ITMO University,RU,Russia
U360,360,University of Victoria (UVic),CA,Canada
U361,361,Universiti Teknologi PETRONAS (UTP),MY,Malaysia
U362,362,George Washington University,US,United States
U363,363,Kobe University,JP,Japan
U364,364,Pontificia Universidad Católica del Perú,PE,Peru
U365,365,Quaid-i-Azam University,PK,Pakistan
U366,366,University of South Australia,AU,Australia
U367,367,Virginia Polytechnic Institute and State University,US,United States
U368,368,Lincoln University ,NZ,New Zealand
U369,369,Airlangga University,ID,Indonesia
U370,370,American University of Sharjah,AE,United Arab Emirates
U371,371,Indian Institute of Technology Roorkee (IITR),IN,India
U372,372,Umea University,SE,Sweden
U373,373,Universidade Nova de Lisboa,PT,Portugal
U374,374,University of Kansas,US,United States
U375,375,"University of California, Santa Cruz",US,United States
U376,376,University of Kent,UK,United Kingdom
U377,377,University Ulm,DE,Germany
U378,378,Czech Technical University in Prague,CZ,Czech Republic
U379,379,Nankai University,CN,China (Mainland)
U380,380,Sharif University of Technology,IR,"Iran, Islamic Republic of"
U381,381,University of Hawaiʻi at Mānoa,US,United States
U382,382,Peter the Great St. Petersburg Polytechnic University,RU,Russia
U383,383,Pontificia Universidad Javeriana,CO,Colombia
U384,384,Indian Institute of Technology Guwahati (IITG),IN,India
U385,385,Sultan Qaboos University,OM,Oman
U386,386,Taipei Medical University (TMU),TW,Taiwan
U387,387,Westfälische Wilhelms-Universität Münster ,DE,Germany
U388,388,Lappeenranta-Lahti University of Technology LUT,FI,Finland
U389,389,Northeastern University,US,United States
U390,390,Pakistan Institute of Engineering and Applied Sciences (PIEAS),PK,Pakistan
U391,391,Universidad de Palermo (UP),AR,Argentina
U392,392,Chung-Ang University (CAU),KR,South Korea
U393,393,Tokyo Medical and Dental University (TMDU),JP,Japan
U394,394,University of Oulu,FI,Finland
U395,395,University of Utah,US,United States
U396,396,Indian Institute of Technology Indore (IIT Indore),IN,India
U397,397,Shandong University,CN,China (Mainland)
U398,398,National Research Tomsk Polytechnic University,RU,Russia
U399,399,Tilburg University,NL,Netherlands
U400,400,Universitat Politècnica de València,ES,Spain
U401,401,Vilnius University ,LT,Lithuania
U402,402,Colegio de México,MX,Mexico
U403,403,Royal Holloway University of London,UK,United Kingdom
U404,404,University of Pisa,IT,Italy
U405,405,Satbayev University,KZ,Kazakhstan
U406,406,Sichuan University,CN,China (Mainland)
U407,407,South China University of Technology,CN,China (Mainland)
U408,408,Colorado State University,US,United States
U409,409,Technion - Israel Institute of Technology,IL,Israel
U410,410,HUFS - Hankuk (Korea) University of Foreign Studies ,KR,South Korea
U411,411,Julius-Maximilians-Universität Würzburg,DE,Germany
U412,412,Brunel University London,UK,United Kingdom
U413,413,University of Johannesburg,ZA,South Africa
U414,414,University of the Philippines,PH,Philippines
U415,415,Tampere University,FI,Finland
U416,416,Ruhr-Universität Bochum,DE,Germany
U417,417,"Stony Brook University, State University of New York",US,United States
U418,418,The American University in Cairo,EG,Egypt
U419,419,University of Naples - Federico II,IT,Italy
U420,420,Johannes Gutenberg Universität Mainz,DE,Germany
U421,421,Universität Leipzig,DE,Germany
U422,422,National Technical University of Athens,GR,Greece
U423,423,Shanghai University,CN,China (Mainland)
U424,424,Xiamen University,CN,China (Mainland)
U425,425,Flinders University,AU,Australia
U426,426,Swansea University,UK,United Kingdom
U427,427,University at Buffalo SUNY,US,United States
U428,428,National Sun Yat-sen University,TW,Taiwan
U429,429,"University of Colorado, Denver ",US,United States
U430,430,University of Science and Technology Beijing,CN,China (Mainland)
U431,431,University of Witwatersrand,ZA,South Africa
U432,432,Universidad Austral,AR,Argentina
U433,433,Université Laval,CA,Canada
U434,434,Far Eastern Federal University,RU,Russia
U435,435,Université de Strasbourg,FR,France
U436,436,National Taipei University of Technology,TW,Taiwan
U437,437,Università Vita-Salute San Raffaele,IT,Italy
U438,438,Oxford Brookes University,UK,United Kingdom
U439,439,University of Coimbra,PT,Portugal
U440,440,Wake Forest University,US,United States
U441,441,Universidade Federal de São Paulo,BR,Brazil
U442,442,Universität des Saarlandes,DE,Germany
U443,443,Amirkabir University of Technology,IR,"Iran, Islamic Republic of"
U444,444,Auezov South Kazakhstan University (SKU),KZ,Kazakhstan
U445,445,Beihang University (former BUAA),CN,China (Mainland)
U446,446,Illinois Institute of Technology,US,United States
U447,447,SOAS University of London ,UK,United Kingdom
U448,448,Washington State University,US,United States
U449,449,Bogor Agricultural University,ID,Indonesia
U450,450,Hasselt University ,BE,Belgium
U451,451,Umm Al-Qura University ,SA,Saudi Arabia
U452,452,Universidad de Montevideo (UM),UY,Uruguay
U453,453,"University of California, Riverside",US,United States
U454,454,Stellenbosch University,ZA,South Africa
U455,455,University of Tromsø The Arctic University of Norway,NO,Norway
U456,456,York University,CA,Canada
U457,457,Institut National des Sciences Appliquées de Lyon (INSA),FR,France
U458,458,Sogang University,KR,South Korea
U459,459,University of Trento,IT,Italy
U460,460,University of Florence,IT,Italy
U461,461,James Cook University,AU,Australia
U462,462,Rensselaer Polytechnic Institute,US,United States
U463,463,Southeast University,CN,China (Mainland)
U464,464,Universidad de Belgrano,AR,Argentina
U465,465,"Essex, University of",UK,United Kingdom
U466,466,Universidad de Santiago de Chile (USACH),CL,Chile
U467,467,The National University of Science and Technology MISIS,RU,Russia
U468,468,Universidad de La Habana,CU,Cuba
U469,469,University of Alaska Fairbanks,US,United States
U470,470,University of Iowa,US,United States
U471,471,Dublin City University,IE,Ireland
U472,472,Tulane University,US,United States
U473,473,University of Cyprus (UCY),CY,Cyprus
U474,474,University of Saskatchewan,CA,Canada
U475,475,Chang Gung University,TW,Taiwan
U476,476,University of Turin,IT,Italy
U477,477,Imam Abdulrahman Bin Faisal University (IAU) (formerly UNIVERSITY OF DAMMAM),SA,Saudi Arabia
U478,478,Koç University,TR,Turkey
U479,479,Martin-Luther-Universität Halle-Wittenberg,DE,Germany
U480,480,UNESP,BR,Brazil
U481,481,Bond University,AU,Australia
U482,482,Dongguk University ,KR,South Korea
U483,483,Iowa State University,US,United States
U484,484,Kazakh National Agrarian University KazNAU,KZ,Kazakhstan
U485,485,Universiti Utara Malaysia (UUM),MY,Malaysia
U486,486,Auckland University of Technology (AUT),NZ,New Zealand
U487,487,University of Klagenfurt,AT,Austria
U488,488,Ajou University ,KR,South Korea
U489,489,Universidad Politécnica de Madrid (UPM),ES,Spain
U490,490,Aix-Marseille University,FR,France
U491,491,Ben-Gurion University of The Negev,IL,Israel
U492,492,Chiba University,JP,Japan
U493,493,Justus-Liebig-University Giessen,DE,Germany
U494,494,The Catholic University of Korea ,KR,South Korea
U495,495,Universidad ORT Uruguay,UY,Uruguay
U496,496,University of Granada,ES,Spain
U497,497,Brandeis University,US,United States
U498,498,Jilin University,CN,China (Mainland)
U499,499,Central South University,CN,China (Mainland)
U500,500,"University of Rome ""Tor Vergata""",IT,Italy
U501,501, Western Sydney University,AU,Australia
U502,502,Bar-Ilan University,IL,Israel
U503,503,Colorado School of Mines,US,United States
U504,504,Kyungpook National University,KR,South Korea
U505,505,Middle East Technical University,TR,Turkey
U506,506,Missouri University of Science and Technology,US,United States
U507,507,Swarthmore College,US,United States
U508,508,Université de Montpellier,FR,France
U509,509,University of Aveiro,PT,Portugal
U510,510,University of St.Gallen (HSG),CH,Switzerland
U511,511,University of Stirling,UK,United Kingdom
U512,512,University of Tehran,IR,"Iran, Islamic Republic of"
U513,513,Yokohama City University,JP,Japan
U514,514,Abai Kazakh National Pedagogical University,KZ,Kazakhstan
U515,515,Florida State University,US,United States
U516,516,"Goldsmiths, University of London",UK,United Kingdom
U517,517,Universidad de Alcalá,ES,Spain
U518,518,Universidad de Costa Rica,CR,Costa Rica
U519,519,Università Cattolica del Sacro Cuore,IT,Italy
U520,520,University of Bayreuth,DE,Germany
U521,521,University of Canberra ,AU,Australia
U522,522,"University of Missouri, Columbia",US,United States
U523,523,Altai State University,RU,Russia
U524,524,Beijing University of Chemical Technology,CN,China (Mainland)
U525,525,Christian-Albrechts-University zu Kiel,DE,Germany
U526,526,Poznan University of Life Sciences,PL,Poland
U527,527,The New School,US,United States
U528,528,Université de Liège,BE,Belgium
U529,529,University of Bordeaux,FR,France
U530,530,University of Delhi,IN,India
U531,531,University of Texas Dallas,US,United States
U532,532,Warsaw University of Technology,PL,Poland
U533,533,Hitotsubashi University,JP,Japan
U534,534,Inha University,KR,South Korea
U535,535,Iran University of Science and Technology,IR,"Iran, Islamic Republic of"
U536,536,Sabanci University,TR,Turkey
U537,537,Saint Joseph University of Beirut (USJ) ,LB,Lebanon
U538,538,"Universidad Central ""Marta Abreu"" de Las Villas",CU,Cuba
U539,539,University of Balamand,LB,Lebanon
U540,540,University of Limerick,IE,Ireland
U541,541,Canadian University Dubai,AE,United Arab Emirates
U542,542,China University of Petroleum,CN,China (Mainland)
U543,543,East China Normal University,CN,China (Mainland)
U544,544,Savitribai Phule Pune University,IN,India
U545,545,Southern Federal University,RU,Russia
U546,546,Universidad Nacional de La Plata (UNLP),AR,Argentina
U547,547,Universidad Panamericana (UP),MX,Mexico
U548,548,Universität Konstanz,DE,Germany
U549,549,Universität Mannheim,DE,Germany
U550,550,University of Madras,IN,India
U551,551,V. N. Karazin Kharkiv National University,UA,Ukraine
U552,552,Anna University,IN,India
U553,553,Cairo University,EG,Egypt
U554,554,Concordia University,CA,Canada
U555,555,Jeonbuk National University,KR,South Korea
U556,556,Masaryk University,CZ,Czech Republic
U557,557,National Research Saratov State University,RU,Russia
U558,558,Northwestern Polytechnical University,CN,China (Mainland)
U559,559,Sejong University ,KR,South Korea
U560,560,Universidad de Zaragoza,ES,Spain
U561,561,University of Eastern Finland,FI,Finland
U562,562,University of Szeged,HU,Hungary
U563,563,Almaty Technological University,KZ,Kazakhstan
U564,564,Applied Science University - Bahrain,BH,Bahrain
U565,565,Aston University,UK,United Kingdom
U566,566,Bilkent University,TR,Turkey
U567,567,Boston College,US,United States
U568,568,Dalian University of Technology,CN,China (Mainland)
U569,569,Murdoch University,AU,Australia
U570,570,Niigata University,JP,Japan
U571,571,Singapore Management University,SG,Singapore
U572,572,"Sofia University ""St. Kliment Ohridski""",BG,Bulgaria
U573,573,Universidad de Sevilla,ES,Spain
U574,574,Università degli Studi di Pavia,IT,Italy
U575,575,University of Electronic Science and Technology of China,CN,China (Mainland)
U576,576,University of Ulsan ,KR,South Korea
U577,577,Hallym University ,KR,South Korea
U578,578,Holy Spirit University of Kaslik ,LB,Lebanon
U579,579,Nagasaki University,JP,Japan
U580,580,Universitat de Valencia,ES,Spain
U581,581,Université de Fribourg,CH,Switzerland
U582,582,Université du Québec,CA,Canada
U583,583,Indian Institute of Technology Hyderabad,IN,India
U584,584,Macau University of Science and Technology,MO,Macau SAR
U585,585,National Central University,TW,Taiwan
U586,586,Shenzhen University,CN,China (Mainland)
U587,587,Universität Regensburg,DE,Germany
U588,588,Université Paul Sabatier Toulouse III,FR,France
U589,589,University of Delaware,US,United States
U590,590,University of Massachusetts Boston,US,United States
U591,591,China Agricultural University ,CN,China (Mainland)
U592,592,Hunan University ,CN,China (Mainland)
U593,593,Lehigh University,US,United States
U594,594,Politecnico di Bari,IT,Italy
U595,595,Sungshin Women's University,KR,South Korea
U596,596,University of Crete,GR,Greece
U597,597,University of Guelph,CA,Canada
U598,598,University of Jordan,JO,Jordan
U599,599,University of Minho,PT,Portugal
U600,600,University of Pretoria,ZA,South Africa
U601,601,Abo Akademi University,FI,Finland
U602,602,Al Ain University,AE,United Arab Emirates
U603,603,Bangor University,UK,United Kingdom
U604,604,Carleton University,CA,Canada
U605,605,Chiang Mai University,TH,Thailand
U606,606,East China University of Science and Technology,CN,China (Mainland)
U607,607,Edith Cowan University ,AU,Australia
U608,608,Gifu University,JP,Japan
U609,609,Immanuel Kant Baltic Federal University,RU,Russia
U610,610,Istanbul Technical University,TR,Turkey
U611,611,Ivane Javakhishvili Tbilisi State University,GE,Georgia
U612,612,Jawaharlal Nehru University,IN,India
U613,613,Kanazawa University,JP,Japan
U614,614,"Kingston University, London",UK,United Kingdom
U615,615,Lahore University of Management Sciences (LUMS),PK,Pakistan
U616,616,Lebanese American University,LB,Lebanon
U617,617,Lebanese University,LB,Lebanon
U618,618,Leibniz University Hannover,DE,Germany
U619,619,"Lingnan University, Hong Kong",HK,Hong Kong SAR
U620,620,Management and Science University,MY,Malaysia
U621,621,Nanjing University of Science and Technology,CN,China (Mainland)
U622,622,National and Kapodistrian University of Athens,GR,Greece
U623,623,National Chengchi University,TW,Taiwan
U624,624,Okayama University,JP,Japan
U625,625,Oregon State University,US,United States
U626,626,Osaka City University,JP,Japan
U627,627,Pontifícia Universidade Católica do Rio de Janeiro,BR,Brazil
U628,628,Pusan National University,KR,South Korea
U629,629,Renmin (People's) University of China,CN,China (Mainland)
U630,630,Samara National Research University (Samara University),RU,Russia
U631,631,St. Louis University,US,United States
U632,632,Sunway University,MY,Malaysia
U633,633,Technische Universität Braunschweig,DE,Germany
U634,634,The University of Georgia,US,United States
U635,635,"The University of Tennessee, Knoxville",US,United States
U636,636,Ulster University,UK,United Kingdom
U637,637,Universidad Anáhuac México,MX,Mexico
U638,638,Universidad de Concepción,CL,Chile
U639,639,Universidad Pontificia Bolivariana ,CO,Colombia
U640,640,Universidad Pontificia Comillas,ES,Spain
U641,641,Universität Bremen,DE,Germany
U642,642,Universität Potsdam,DE,Germany
U643,643,Universität Rostock,DE,Germany
U644,644,Université Claude Bernard Lyon 1,FR,France
U645,645,University of Ljubljana,SI,Slovenia
U646,646,University of Milano-Bicocca ,IT,Italy
U647,647,University of Salamanca,ES,Spain
U648,648,University of Sharjah,AE,United Arab Emirates
U649,649,University of South Florida,US,United States
U650,650,University Paris 2 Panthéon-Assas,FR,France
U651,651,Wayne State University,US,United States
U652,652,Wesleyan University,US,United States
U653,653,Aberystwyth University,UK,United Kingdom
U654,654,Abu Dhabi University,AE,United Arab Emirates
U655,655,Ahlia University,BH,Bahrain
U656,656,Ajman University,AE,United Arab Emirates
U657,657,Alfaisal University,SA,Saudi Arabia
U658,658,American University in Dubai,AE,United Arab Emirates
U659,659,Aristotle University of Thessaloniki,GR,Greece
U660,660,Ateneo de Manila University,PH,Philippines
U661,661,Central Queensland University (CQUniversity Australia),AU,Australia
U662,662,China University of Geosciences,CN,China (Mainland)
U663,663,Chongqing University,CN,China (Mainland)
U664,664,Comenius University in Bratislava,SK,Slovakia
U665,665,Coventry University,UK,United Kingdom
U666,666,Drexel University,US,United States
U667,667,Gunma University,JP,Japan
U668,668,Indian Institute of Technology (BHU) Varanasi,IN,India
U669,669,International Islamic University Malaysia (IIUM),MY,Malaysia
U670,670,Karaganda State Technical University,KZ,Kazakhstan
U671,671,Karl-Franzens-Universitaet Graz,AT,Austria
U672,672,Konkuk University ,KR,South Korea
U673,673,Kumamoto University,JP,Japan
U674,674,National Chung Hsing University,TW,Taiwan
U675,675,"National Technical University ""Kharkiv Polytechnic Institute""",UA,Ukraine
U676,676,New Jersey Institute of Technology (NJIT),US,United States
U677,677,Northumbria University at Newcastle,UK,United Kingdom
U678,678,O.P. Jindal Global University,IN,India
U679,679,Palacký University Olomouc,CZ,Czech Republic
U680,680,Plekhanov Russian University of Economics,RU,Russia
U681,681,Prince Mohammad Bin Fahd university,SA,Saudi Arabia
U682,682,S.D. Asfendiyarov Kazakh National Medical University,KZ,Kazakhstan
U683,683,Sechenov University,RU,Russia
U684,684,Soochow University,CN,China (Mainland)
U685,685,Taras Shevchenko National University of Kyiv,UA,Ukraine
U686,686,Thammasat University,TH,Thailand
U687,687,Universidad de Antioquia,CO,Colombia
U688,688,Universidad Externado de Colombia ,CO,Colombia
U689,689,Universidad ICESI,CO,Colombia
U690,690,Universidad Nacional del Centro de la Provincia de Buenos Aires (UNICEN),AR,Argentina
U691,691,Universidad Peruana Cayetano Heredia (UPCH),PE,Peru
U692,692,Universitat Ramon Llull,ES,Spain
U693,693,Universiti Teknologi MARA - UiTM,MY,Malaysia
U694,694,"University of Alabama, Birmingham",US,United States
U695,695,University of Debrecen,HU,Hungary
U696,696,University of Genoa,IT,Italy
U697,697,University of Huddersfield,UK,United Kingdom
U698,698,University of Hull,UK,United Kingdom
U699,699,University of Manitoba,CA,Canada
U700,700,University of Nebraska - Lincoln,US,United States
U701,701,University of Plymouth,UK,United Kingdom
U702,702,University of Southern Queensland ,AU,Australia
U703,703,American University,US,United States
U704,704,American University of the Middle East,KW,Kuwait
U705,705,Boğaziçi University,TR,Turkey
U706,706,Brno University of Technology,CZ,Czech Republic
U707,707,Charles Darwin University ,AU,Australia
U708,708,City University of New York,US,United States
U709,709,Eötvös Loránd University,HU,Hungary
U710,710,Free University of Bozen-Bolzano,IT,Italy
U711,711,Institut Teknologi Sepuluh Nopember (ITS Surabaya),ID,Indonesia
U712,712,Jadavpur University,IN,India
U713,713,Jinan University (China),CN,China (Mainland)
U714,714,Jouf University,SA,Saudi Arabia
U715,715,Kagoshima University,JP,Japan
U716,716,Khoja Akhmet Yassawi International Kazakh-Turkish University,KZ,Kazakhstan
U717,717,King Khalid University,SA,Saudi Arabia
U718,718,"National Technical University of Ukraine ""Igor Sikorsky Kyiv Polytechnic Institute""",UA,Ukraine
U719,719,Pavol Jozef Šafárik University in Košice,SK,Slovakia
U720,720,Princess Nourah bint Abdulrahman University,SA,Saudi Arabia
U721,721,Ritsumeikan University,JP,Japan
U722,722,Southern Cross University ,AU,Australia
U723,723,Stevens Institute of Technology,US,United States
U724,724,Tallinn University of Technology (TalTech),EE,Estonia
U725,725,Tokushima University,JP,Japan
U726,726,Tokyo Metropolitan University,JP,Japan
U727,727,Tokyo University of Agriculture and Technology ,JP,Japan
U728,728,Universidad Católica del Uruguay (UCU),UY,Uruguay
U729,729,Universidad Central de Venezuela,VE,Venezuela
U730,730,Universidad de La Sabana,CO,Colombia
U731,731,Universidad Iberoamericana IBERO,MX,Mexico
U732,732,Universidad San Francisco de Quito (USFQ),EC,Ecuador
U733,733,Universidade Federal de Minas Gerais      ,BR,Brazil
U734,734,Universiti Tenaga Nasional (UNITEN),MY,Malaysia
U735,735,University of Bradford,UK,United Kingdom
U736,736,University of Cincinnati,US,United States
U737,737,University of Haifa,IL,Israel
U738,738,University of Kentucky,US,United States
U739,739,University of Mons ,BE,Belgium
U740,740,University of New Brunswick,CA,Canada
U741,741,University of New Mexico,US,United States
U742,742,University of Oklahoma,US,United States
U743,743,University of Oregon,US,United States
U744,744,University of Pecs,HU,Hungary
U745,745,University of Portsmouth,UK,United Kingdom
U746,746,University of South Bohemia,CZ,Czech Republic
U747,747,University of South Carolina,US,United States
U748,748,University of the Basque Country,ES,Spain
U749,749,University of Trieste,IT,Italy
U750,750,University of Vermont,US,United States
U751,751,University of Westminster,UK,United Kingdom
U752,752,Victoria University ,AU,Australia
U753,753,Vilnius Gediminas Technical University,LT,Lithuania
U754,754,Virginia Commonwealth University,US,United States
U755,755,Zayed University,AE,United Arab Emirates
U756,756,Beijing University of Technology,CN,China (Mainland)
U757,757,Belarusian National Technical University (BNTU),BY,Belarus
U758,758,Chonnam National University,KR,South Korea
U759,759,Chungnam National University,KR,South Korea
U760,760,Clark University,US,United States
U761,761,CY Cergy Paris University,FR,France
U762,762,Dankook University ,KR,South Korea
U763,763,Florida International University,US,United States
U764,764,Howard University,US,United States
U765,765,Instituto Politécnico Nacional (IPN),MX,Mexico
U766,766,Instituto Tecnológico Autónomo de México (ITAM),MX,Mexico
U767,767,Instituto Tecnológico de Buenos Aires (ITBA),AR,Argentina
U768,768,Keele University ,UK,United Kingdom
U769,769,Lanzhou University,CN,China (Mainland)
U770,770,Lobachevsky University,RU,Russia
U771,771,"Manipal Academy of Higher Education, Manipal, Karnataka, India",IN,India
U772,772,Memorial University of Newfoundland,CA,Canada
U773,773,Michigan Technological University,US,United States
U774,774,Middlesex University,UK,United Kingdom
U775,775,Osaka Prefecture University ,JP,Japan
U776,776,Paris Lodron University of Salzburg,AT,Austria
U777,777,Philipps-Universität Marburg ,DE,Germany
U778,778,Pontificia Universidad Católica de Valparaíso,CL,Chile
U779,779,Riga Technical University,LV,Latvia
U780,780,Saint Petersburg Electrotechnical University ETU-LETI,RU,Russia
U781,781,Shiraz University,IR,"Iran, Islamic Republic of"
U782,782,Syracuse University,US,United States
U783,783,Temple University,US,United States
U784,784,Universidad Adolfo Ibáñez,CL,Chile
U785,785,Universidad Autónoma Chapingo,MX,Mexico
U786,786,Universidad Católica Andres Bello,VE,Venezuela
U787,787,Universidad de la República (Udelar),UY,Uruguay
U788,788,Universidad de San Andrés - UdeSA,AR,Argentina
U789,789,Universidad del Rosario,CO,Colombia
U790,790,Universidade de Santiago de Compostela,ES,Spain
U791,791,Universidade Federal do Rio Grande Do Sul ,BR,Brazil
U792,792,Universitas Padjadjaran,ID,Indonesia
U793,793,Universitat Rovira i Virgili,ES,Spain
U794,794,Université Côte d\'Azur,FR,France
U795,795,Université de Lille,FR,France
U796,796,Université de Sherbrooke,CA,Canada
U797,797,Université de Sousse,TN,Tunisia
U798,798,University Duesseldorf,DE,Germany
U799,799,University of Denver,US,United States
U800,800,University of Houston,US,United States
U801,801,University of Hyderabad,IN,India
U802,802,University of Siena,IT,Italy
U803,803,University of Windsor,CA,Canada
U804,804,Academician Y.A. Buketov Karaganda University,KZ,Kazakhstan
U805,805,"Adam Mickiewicz University, Poznań",PL,Poland
U806,806,AGH University of Science and Technology,PL,Poland
U807,807,Ain Shams University ,EG,Egypt
U808,808,Australian Catholic University,AU,Australia
U809,809,Bangladesh University of Engineering and Technology,BD,Bangladesh
U810,810,Beijing Foreign Studies University,CN,China (Mainland)
U811,811,Beijing Jiaotong University,CN,China (Mainland)
U812,812,Beijing University of Chinese Medicine,CN,China (Mainland)
U813,813,Beijing University of Posts and Telecommunications,CN,China (Mainland)
U814,814,Beirut Arab University ,LB,Lebanon
U815,815,Bournemouth University,UK,United Kingdom
U816,816,Budapest University of Technology and Economics,HU,Hungary
U817,817,Ca' Foscari University of Venice ,IT,Italy
U818,818,Catania University,IT,Italy
U819,819,Chandigarh University,IN,India
U820,820,Chang Jung Christian University,TW,Taiwan
U821,821,Charles Sturt University ,AU,Australia
U822,822,China University of Mining and Technology,CN,China (Mainland)
U823,823,Clarkson University,US,United States
U824,824,Clemson University,US,United States
U825,825,College of William and Mary,US,United States
U826,826,Cracow University of Technology (Politechnika Krakowska),PL,Poland
U827,827,Czech University of Life Sciences in Prague,CZ,Czech Republic
U828,828,De La Salle University,PH,Philippines
U829,829,De Montfort University,UK,United Kingdom
U830,830,Diponegoro University,ID,Indonesia
U831,831,Donghua University,CN,China (Mainland)
U832,832,Duy Tan University,VN,Vietnam
U833,833,Edinburgh Napier University,UK,United Kingdom
U834,834,Gdańsk University of Technology,PL,Poland
U835,835,Georgia State University,US,United States
U836,836,German Jordanian University,JO,Jordan
U837,837,Gulf University for Science and Technology,KW,Kuwait
U838,838,Hacettepe University ,TR,Turkey
U839,839,Harbin Engineering University,CN,China (Mainland)
U840,840,Indian Institute of Technology Bhubaneswar,IN,India
U841,841,Indiana University–Purdue University Indianapolis,US,United States
U842,842,Instituto Tecnológico de Santo Domingo (INTEC),DO,Dominican Republic
U843,843,International Christian University,JP,Japan
U844,844,Islamic University of Madinah,SA,Saudi Arabia
U845,845,Istanbul University,TR,Turkey
U846,846,"ITESO, Universidad Jesuita de Guadalajara",MX,Mexico
U847,847,Jamia Millia Islamia,IN,India
U848,848,Jordan University of Science & Technology,JO,Jordan
U849,849,Kansas State University ,US,United States
U850,850,Kasetsart University,TH,Thailand
U851,851,Kaunas University of Technology,LT,Lithuania
U852,852,Kazakh-British Technical University,KZ,Kazakhstan
U853,853,Khon Kaen University,TH,Thailand
U854,854,King Faisal University,SA,Saudi Arabia
U855,855,King Mongkut's University of Technology Thonburi ,TH,Thailand
U856,856,Kyrgyz-Turkish Manas University,KG,Kyrgyzstan
U857,857,Liverpool John Moores University,UK,United Kingdom
U858,858,Lodz University of Technology,PL,Poland
U859,859,London Metropolitan University,UK,United Kingdom
U860,860,London South Bank University,UK,United Kingdom
U861,861,Louisiana State University,US,United States
U862,862,Loyola University Chicago,US,United States
U863,863,Lviv Polytechnic National University,UA,Ukraine
U864,864,Manchester Metropolitan University (MMU),UK,United Kingdom
U865,865,Maynooth University,IE,Ireland
U866,866,Mendel University in Brno,CZ,Czech Republic
U867,867,Nanjing Agricultural University,CN,China (Mainland)
U868,868,Nanjing University of Aeronautics and Astronautics,CN,China (Mainland)
U869,869,National Chung Cheng University,TW,Taiwan
U870,870,National Institute of Technology Tiruchirappalli,IN,India
U871,871,Nicolaus Copernicus University ,PL,Poland
U872,872,NJSC KIMEP University,KZ,Kazakhstan
U873,873,Northern Borders University,SA,Saudi Arabia
U874,874,Northwest Agriculture and Forestry University,CN,China (Mainland)
U875,875,Northwest University (China),CN,China (Mainland)
U876,876,Notre Dame University-Louaize NDU,LB,Lebanon
U877,877,Nottingham Trent University,UK,United Kingdom
U878,878,Novosibirsk State Technical University,RU,Russia
U879,879,Oklahoma State University ,US,United States
U880,880,Perm State National Research University,RU,Russia
U881,881,Pondicherry University,IN,India
U882,882,Pontificia Universidad Católica del Ecuador (PUCE),EC,Ecuador
U883,883,Pontifícia Universidade Católica de São Paulo,BR,Brazil
U884,884,Poznań University of Technology,PL,Poland
U885,885,Prince of Songkla University,TH,Thailand
U886,886,Princess Sumaya University for Technology,JO,Jordan
U887,887,Qassim University,SA,Saudi Arabia
U888,888,"Queen Margaret University , Edinburgh",UK,United Kingdom
U889,889,Rhodes University ,ZA,South Africa
U890,890,Riga Stradins University,LV,Latvia
U891,891,Ritsumeikan Asia Pacific University,JP,Japan
U892,892,Robert Gordon University,UK,United Kingdom
U893,893,Russian Presidential Academy of National Economy and Public Administration,RU,Russia
U894,894,Russian-Armenian (Slavonic) State University,AM,Armenia
U895,895,Rutgers University–Newark,US,United States
U896,896,Toronto Metropolitan University,CA,Canada
U897,897,Saint-Petersburg Mining University,RU,Russia
U898,898,Shinshu University ,JP,Japan
U899,899,Shoolini University of Biotechnology and Management Sciences,IN,India
U900,900,Slovak University of Technology in Bratislava,SK,Slovakia
U901,901,Sophia University ,JP,Japan
U902,902,South Ural State University (National Research University),RU,Russia
U903,903,Southern Methodist University,US,United States
U904,904,Sumy State University,UA,Ukraine
U905,905,Széchenyi István University,HU,Hungary
U906,906,Szent Istvan University,HU,Hungary
U907,907,Technical University of Kosice,SK,Slovakia
U908,908,Technical University of Liberec,CZ,Czech Republic
U909,909,Technological University Dublin,IE,Ireland
U910,910,Tecnológico de Costa Rica -TEC,CR,Costa Rica
U911,911,Tokyo University of Science,JP,Japan
U912,912,TU Dortmund University,DE,Germany
U913,913,Ufa State Aviation Technical University ,RU,Russia
U914,914,Universidad Autónoma del Estado de Hidalgo (UAEH),MX,Mexico
U915,915,Universidad Autónoma del Estado de México (UAEMex),MX,Mexico
U916,916,Universidad Autónoma Metropolitana (UAM),MX,Mexico
U917,917,Universidad de Guadalajara (UDG),MX,Mexico
U918,918,Universidad de las Américas Puebla (UDLAP),MX,Mexico
U919,919,Universidad de Los Andes - (ULA) Mérida,VE,Venezuela
U920,920,Universidad de los Andes - Chile,CL,Chile
U921,921,Universidad de Oriente Santiago de Cuba,CU,Cuba
U922,922,Universidad del Valle,CO,Colombia
U923,923,Universidad Diego Portales (UDP),CL,Chile
U924,924,Universidad EAFIT,CO,Colombia
U925,925,Universidad Nacional de Córdoba - UNC,AR,Argentina
U926,926,Universidad Nacional de Rosario (UNR),AR,Argentina
U927,927,Universidad Nacional de San Luis,AR,Argentina
U928,928,Universidad Nacional Mayor de San Marcos,PE,Peru
U929,929,Universidad Simón Bolívar (USB),VE,Venezuela
U930,930,Universidad Tecnológica Nacional (UTN),AR,Argentina
U931,931,Universidad Torcuato Di Tella,AR,Argentina
U932,932,Universidade Católica Portuguesa - UCP,PT,Portugal
U933,933,Universidade de Brasília,BR,Brazil
U934,934,Universidade Federal de Santa Catarina ,BR,Brazil
U935,935,Universidade Federal de São Carlos (UFSCar),BR,Brazil
U936,936,Universidade Federal do Paraná - UFPR,BR,Brazil
U937,937,Universita' degli Studi di Ferrara,IT,Italy
U938,938,Università degli Studi di Perugia,IT,Italy
U939,939,Università degli studi Roma Tre,IT,Italy
U940,940,Universita' Politecnica delle Marche,IT,Italy
U941,941,Universitas Brawijaya ,ID,Indonesia
U942,942,Universität Duisburg-Essen,DE,Germany
U943,943,Université de Lorraine,FR,France
U944,944,Université de Nantes,FR,France
U945,945,Université de Rennes 1,FR,France
U946,946,Universiti Malaysia Pahang,MY,Malaysia
U947,947,Universiti Malaysia Perlis,MY,Malaysia
U948,948,Universiti Pendidikan Sultan Idris (UPSI),MY,Malaysia
U949,949,Universiti Tunku Abdul Rahman (UTAR),MY,Malaysia
U950,950,University at Albany SUNY,US,United States
U951,951,University of Alicante,ES,Spain
U952,952,University of Baghdad,IQ,Iraq
U953,953,University of Bahrain,BH,Bahrain
U954,954,University of Bari,IT,Italy
U955,955,University of Brescia,IT,Italy
U956,956,University of Brighton,UK,United Kingdom
U957,957,University of Calcutta,IN,India
U958,958,University of Central Florida,US,United States
U959,959,University of Central Lancashire,UK,United Kingdom
U960,960,University of Dhaka,BD,Bangladesh
U961,961,University of Dubai,AE,United Arab Emirates
U962,962,University of East London,UK,United Kingdom
U963,963,University of Engineering & Technology (UET) Lahore,PK,Pakistan
U964,964,UNIVERSITY OF GDANSK,PL,Poland
U965,965,University of Greenwich,UK,United Kingdom
U966,966,University of Hartford,US,United States
U967,967,University of Hertfordshire,UK,United Kingdom
U968,968,University of Hohenheim,DE,Germany
U969,969,University of Hradec Kralove,CZ,Czech Republic
U970,970,University of Idaho,US,United States
U971,971,University of Kwazulu-Natal,ZA,South Africa
U972,972,University of Lincoln,UK,United Kingdom
U973,973,University of Lodz,PL,Poland
U974,974,University of Louisville,US,United States
U975,975,University of Malta,MT,Malta
U976,976,University of Maribor,SI,Slovenia
U977,977,"University of Maryland, Baltimore County",US,United States
U978,978,University of Messina (UniME),IT,Italy
U979,979,University of Mississippi,US,United States
U980,980,University of Modena and Reggio Emilia,IT,Italy
U981,981,University of Murcia,ES,Spain
U982,982,University of New England Australia,AU,Australia
U983,983,University of New Hampshire,US,United States
U984,984,University of Parma,IT,Italy
U985,985,University of Patras,GR,Greece
U986,986,University of Peshawar,PK,Pakistan
U987,987,University of Salford,UK,United Kingdom
U988,988,University of Santo Tomas,PH,Philippines
U989,989,University of Seoul ,KR,South Korea
U990,990,University of the Punjab,PK,Pakistan
U991,991,University of the West of England,UK,United Kingdom
U992,992,University of Tulsa,US,United States
U993,993,University of Tyumen,RU,Russia
U994,994,University of Wroclaw,PL,Poland
U995,995,University of Wyoming,US,United States
U996,996,University of Zagreb,HR,Croatia
U997,997,University of Žilina,SK,Slovakia
U998,998,Verona University,IT,Italy
U999,999,Viet Nam National University Ho Chi Minh City (VNU-HCM),VN,Vietnam
U1000,1000,"Vietnam National University, Hanoi ",VN,Vietnam
U1001,1001,Vytautas Magnus University,LT,Lithuania
U1002,1002,Worcester Polytechnic Institute,US,United States
U1003,1003,Wroclaw University of Science and Technology (WRUST),PL,Poland
U1004,1004,Wuhan University of Technology,CN,China (Mainland)
U1005,1005,Yamaguchi University ,JP,Japan
U1006,1006,Yerevan State University,AM,Armenia
U1007,1007,Yeungnam University ,KR,South Korea
U1008,1008,Yokohama National University,JP,Japan
U1009,1009,Zhengzhou University,CN,China (Mainland)
U1010,1010,Al Quds University The Arab University in Jerusalem,PS,"Palestinian Territory, Occupied"
U1011,1011,Alexandria University ,EG,Egypt
U1012,1012,Aligarh Muslim University,IN,India
U1013,1013,Amity University,IN,India
U1014,1014,Amrita Vishwa Vidyapeetham,IN,India
U1015,1015,Ankara Üniversitesi,TR,Turkey
U1016,1016,An-Najah National University,PS,"Palestinian Territory, Occupied"
U1017,1017,Asia University Taiwan,TW,Taiwan
U1018,1018,Assiut University ,EG,Egypt
U1019,1019,Athens University of Economics and Business,GR,Greece
U1020,1020,Auburn University,US,United States
U1021,1021,Azerbaijan State University of Economics,AZ,Azerbaijan
U1022,1022,Babes-Bolyai University,RO,Romania
U1023,1023,Baku State University,AZ,Azerbaijan
U1024,1024,Banaras Hindu University,IN,India
U1025,1025,Baylor University,US,United States
U1026,1026,Belarusian State University of Informatics and Radioelectronics,BY,Belarus
U1027,1027,Benemérita Universidad Autónoma de Puebla,MX,Mexico
U1028,1028,Bielefeld University,DE,Germany
U1029,1029,Bina Nusantara University (BINUS),ID,Indonesia
U1030,1030,Binghamton University SUNY,US,United States
U1031,1031,"Birla Institute of Technology and Science, Pilani",IN,India
U1032,1032,Birmingham City University ,UK,United Kingdom
U1033,1033,BRAC University,BD,Bangladesh
U1034,1034,Brigham Young University,US,United States
U1035,1035,Brock University,CA,Canada
U1036,1036,Canterbury Christ Church University,UK,United Kingdom
U1037,1037,CEU Universities,ES,Spain
U1038,1038,Chungbuk National University,KR,South Korea
U1039,1039,COMSATS University Islamabad,PK,Pakistan
U1040,1040,Corvinus University of Budapest,HU,Hungary
U1041,1041,CUNY The City College of New York,US,United States
U1042,1042,Doshisha University,JP,Japan
U1043,1043,Escuela Politécnica Nacional,EC,Ecuador
U1044,1044,Escuela Superior Politécnica del Litoral (ESPOL),EC,Ecuador
U1045,1045,Financial University under the Government of the Russian Federation,RU,Russia
U1046,1046,Fordham University ,US,United States
U1047,1047,Future University in Egypt,EG,Egypt
U1048,1048,Gazi Üniversitesi,TR,Turkey
U1049,1049,George Mason University,US,United States
U1050,1050,Glasgow Caledonian University,UK,United Kingdom
U1051,1051,Harper Adams University,UK,United Kingdom
U1052,1052,Huazhong Agricultural University,CN,China (Mainland)
U1053,1053,Imam Mohammad Ibn Saud Islamic University – IMSIU,SA,Saudi Arabia
U1054,1054,Istanbul Aydin University  ,TR,Turkey
U1055,1055,Ivan Franko National University of Lviv,UA,Ukraine
U1056,1056,Jeju National University ,KR,South Korea
U1057,1057,Jiangnan University,CN,China (Mainland)
U1058,1058,Kangwon National University ,KR,South Korea
U1059,1059,Kazakh Ablai Khan University of International Relations and World Languages,KZ,Kazakhstan
U1060,1060,Kazan National Research Technological University,RU,Russia
U1061,1061,Kent State University,US,United States
U1062,1062,Kharkiv National University of Radio Electronics ,UA,Ukraine
U1063,1063,Kookmin University ,KR,South Korea
U1064,1064,Kuwait University,KW,Kuwait
U1065,1065,Kyoto Institute of Technology,JP,Japan
U1066,1066,Kyushu Institute of Technology ,JP,Japan
U1067,1067,Leeds Beckett University,UK,United Kingdom
U1068,1068,Marquette University,US,United States
U1069,1069,Mendeleev University of Chemical Technology,RU,Russia
U1070,1070,Mississippi State University,US,United States
U1071,1071,Multimedia University (MMU),MY,Malaysia
U1072,1072,Mustansiriyah University,IQ,Iraq
U1073,1073,Mutah University,JO,Jordan
U1074,1074,Mykolas Romeris University,LT,Lithuania
U1075,1075,Nagoya Institute of Technology (NIT),JP,Japan
U1076,1076,Nanjing Normal University,CN,China (Mainland)
U1077,1077,National Taiwan Ocean University,TW,Taiwan
U1078,1078,National University of Kyiv-Mohyla Academy (NaUKMA),UA,Ukraine
U1079,1079,North South University,BD,Bangladesh
U1080,1080,North-West University,ZA,South Africa
U1081,1081,Ocean University of China,CN,China (Mainland)
U1082,1082,Odessa I.I. Mechnikov National University,UA,Ukraine
U1083,1083,Ohio University,US,United States
U1084,1084,Paul Valéry University Montpellier,FR,France
U1085,1085,Rochester Institute of Technology (RIT),US,United States
U1086,1086,Saitama University,JP,Japan
U1087,1087,San Diego State University,US,United States
U1088,1088,Sathyabama Institute of Science and Technology (deemed to be university),IN,India
U1089,1089,Seattle University,US,United States
U1090,1090,Seoul National University of Science and Technology,KR,South Korea
U1091,1091,Shahid Beheshti University (SBU),IR,"Iran, Islamic Republic of"
U1092,1092,Shanghai International Studies University,CN,China (Mainland)
U1093,1093,Sheffield Hallam University,UK,United Kingdom
U1094,1094,"Siberian Federal University, SibFU",RU,Russia
U1095,1095,Siksha 'O' Anusandhan (Deemed to be University),IN,India
U1096,1096,Silesian University of Technology,PL,Poland
U1097,1097,Sookmyung Women's University ,KR,South Korea
U1098,1098,Taibah University,SA,Saudi Arabia
U1099,1099,Tallinn University ,EE,Estonia
U1100,1100,Technical University of Lublin,PL,Poland
U1101,1101,Telkom University,ID,Indonesia
U1102,1102,Texas Tech University,US,United States
U1103,1103,Thapar Institute of Engineering & Technology,IN,India
U1104,1104,The Herzen State Pedagogical University of Russia,RU,Russia
U1105,1105,The Josip Juraj Strossmayer University of Osijek,HR,Croatia
U1106,1106,"The National Research University ""Belgorod State University""",RU,Russia
U1107,1107,The University of Alabama,US,United States
U1108,1108,The University of Lahore,PK,Pakistan
U1109,1109,The University of Northampton,UK,United Kingdom
U1110,1110,Tokai University,JP,Japan
U1111,1111,Tomas Bata University in Zlin,CZ,Czech Republic
U1112,1112,Ton Duc Thang University,VN,Vietnam
U1113,1113,Universidad Andrés Bello,CL,Chile
U1114,1114,Universidad Austral de Chile,CL,Chile
U1115,1115,Universidad Autónoma de Aguascalientes,MX,Mexico
U1116,1116,Universidad Autónoma de Nuevo León,MX,Mexico
U1117,1117,Universidad de Castilla-La Mancha,ES,Spain
U1118,1118,Universidad de Córdoba - Colombia,CO,Colombia
U1119,1119,Universidad de Lima,PE,Peru
U1120,1120,Universidad de Monterrey (UDEM),MX,Mexico
U1121,1121,Universidad de Oviedo,ES,Spain
U1122,1122,Universidad de Talca,CL,Chile
U1123,1123,Universidad de Valladolid,ES,Spain
U1124,1124,Universidad de Valparaíso (UV),CL,Chile
U1125,1125,Universidad del Norte ,CO,Colombia
U1126,1126,Universidad del Pacífico,PE,Peru
U1127,1127,Universidad Industrial de Santander - UIS,CO,Colombia
U1128,1128,Universidad Latinoamericana de Ciencia y Tecnología Costa Rica (ULACIT),CR,Costa Rica
U1129,1129,Universidad Nacional Agraria la Molina,PE,Peru
U1130,1130,Universidad Nacional de Cuyo,AR,Argentina
U1131,1131,Universidad Nacional de la Asunción,PY,Paraguay
U1132,1132,Universidad Nacional de Río Cuarto - UNRC,AR,Argentina
U1133,1133,"Universidad Nacional, Costa Rica",CR,Costa Rica
U1134,1134,Universidad Peruana de Ciencias Aplicadas,PE,Peru
U1135,1135,Universidad Rey Juan Carlos,ES,Spain
U1136,1136,Universidad Técnica Federico Santa María (USM),CL,Chile
U1137,1137,Universidad Tecnológica de Panamá (UTP),PA,Panama
U1138,1138,Universidade da Coruña ,ES,Spain
U1139,1139,Universidade de Vigo,ES,Spain
U1140,1140,Universidade do Estado do Rio de Janeiro (UERJ),BR,Brazil
U1141,1141,Universidade Federal de Juiz de Fora- (UFJF),BR,Brazil
U1142,1142,Universidade Federal de Pelotas ,BR,Brazil
U1143,1143,Universidade Federal de Pernambuco (UFPE) ,BR,Brazil
U1144,1144,Università degli Studi della Tuscia (University of Tuscia),IT,Italy
U1145,1145,Università degli Studi di Udine,IT,Italy
U1146,1146,Universitas Hasanuddin,ID,Indonesia
U1147,1147,Universitas Sebelas Maret,ID,Indonesia
U1148,1148,Universität Siegen,DE,Germany
U1149,1149,Université de Poitiers,FR,France
U1150,1150,Université de Toulouse II-Le Mirail,FR,France
U1151,1151,Université Lumière Lyon 2,FR,France
U1152,1152,Université Toulouse 1 Capitole,FR,France
U1153,1153,Universiti Kuala Lumpur (UniKL),MY,Malaysia
U1154,1154,Universiti Malaysia Sabah (UMS),MY,Malaysia
U1155,1155,Universiti Malaysia Sarawak (UNIMAS),MY,Malaysia
U1156,1156,Universiti Malaysia Terengganu (UMT),MY,Malaysia
U1157,1157,Universiti Tun Hussein Onn University of Malaysia (UTHM),MY,Malaysia
U1158,1158,"University of Agriculture, Faisalabad ",PK,Pakistan
U1159,1159,University of Arkansas Fayetteville ,US,United States
U1160,1160,University of Belgrade,RS,Serbia
U1161,1161,University of Bialystok,PL,Poland
U1162,1162,University of Bucharest,RO,Romania
U1163,1163,University of Calabria,IT,Italy
U1164,1164,University of Derby,UK,United Kingdom
U1165,1165,University of Hawaii at Hilo,US,United States
U1166,1166,University of Kufa,IQ,Iraq
U1167,1167,University of Latvia,LV,Latvia
U1168,1168,University of Miskolc ,HU,Hungary
U1169,1169,University of Missouri Saint Louis,US,United States
U1170,1170,"University of Missouri, Kansas City",US,United States
U1171,1171,University of Montana Missoula ,US,United States
U1172,1172,University of Mumbai,IN,India
U1173,1173,University of Nairobi,KE,Kenya
U1174,1174,University of Naples Parthenope,IT,Italy
U1175,1175,University of North Texas,US,United States
U1176,1176,University of Ostrava,CZ,Czech Republic
U1177,1177,University of Palermo,IT,Italy
U1178,1178,University of Pannonia,HU,Hungary
U1179,1179,University of Pardubice,CZ,Czech Republic
U1180,1180,University of Peradeniya ,LK,Sri Lanka
U1181,1181,University of Primorska,SI,Slovenia
U1182,1182,University of Regina,CA,Canada
U1183,1183,University of Rhode Island ,US,United States
U1184,1184,University of Rijeka,HR,Croatia
U1185,1185,University of Salerno,IT,Italy
U1186,1186,University of San Diego,US,United States
U1187,1187,University of San Francisco,US,United States
U1188,1188,University of Texas at San Antonio,US,United States
U1189,1189,University of the Pacific,US,United States
U1190,1190,University of the Sunshine Coast ,AU,Australia
U1191,1191,University of the Western Cape,ZA,South Africa
U1192,1192,University of Toledo,US,United States
U1193,1193,University of Warmia and Mazury in Olsztyn,PL,Poland
U1194,1194,University of Wisconsin Milwaukee ,US,United States
U1195,1195,University of Wolverhampton,UK,United Kingdom
U1196,1196,Utah State University ,US,United States
U1197,1197,Vancouver Island University,CA,Canada
U1198,1198,Vellore Institute of Technology (VIT),IN,India
U1199,1199,Voronezh State University,RU,Russia
U1200,1200,Warsaw University of Life Sciences – SGGW (WULS-SGGW),PL,Poland
U1201,1201,West Virginia University,US,United States
U1202,1202,Western Michigan University,US,United States
U1203,1203,Xi'an Jiaotong Liverpool University,CN,China (Mainland)
U1204,1204,Yildiz Technical University,TR,Turkey
U1205,1205, Don State Technical University,RU,Russia
U1206,1206,Akdeniz Üniversitesi,TR,Turkey
U1207,1207,Al-Azhar University,EG,Egypt
U1208,1208,Al-Balqa Applied University,JO,Jordan
U1209,1209,Alexandru Ioan Cuza University,RO,Romania
U1210,1210,Anadolu University,TR,Turkey
U1211,1211,Aoyama Gakuin University,JP,Japan
U1212,1212,Bahauddin Zakariya University ,PK,Pakistan
U1213,1213,Birzeit university,PS,"Palestinian Territory, Occupied"
U1214,1214,British University in Egypt,EG,Egypt
U1215,1215,California Polytechnic State University,US,United States
U1216,1216,California State University - Los Angeles,US,United States
U1217,1217,Católica de Córdoba,AR,Argentina
U1218,1218,Central Michigan University,US,United States
U1219,1219,China University of Political Science and Law,CN,China (Mainland)
U1220,1220,Chung Yuan Christian University,TW,Taiwan
U1221,1221,Cleveland State University,US,United States
U1222,1222,Dokuz Eylül Üniversitesi,TR,Turkey
U1223,1223,EGE UNIVERSITY,TR,Turkey
U1224,1224,Feng Chia University,TW,Taiwan
U1225,1225,Florida Atlantic University - Boca Raton,US,United States
U1226,1226,Fu Jen Catholic University,TW,Taiwan
U1227,1227,Fundación Universidad De Bogotá-Jorge Tadeo Lozano,CO,Colombia
U1228,1228,Gebze Yüksek Teknoloji Enstitüsü (GYTE),TR,Turkey
U1229,1229,German University in Cairo,EG,Egypt
U1230,1230,Hanoi University of Science and Technology,VN,Vietnam
U1231,1231,Helwan University ,EG,Egypt
U1232,1232,Hohai University,CN,China (Mainland)
U1233,1233,Hongik University ,KR,South Korea
U1234,1234,Humboldt State University,US,United States
U1235,1235,Illinois State University,US,United States
U1236,1236,Indiana State University,US,United States
U1237,1237,International Islamic University Islamabad (IIU),PK,Pakistan
U1238,1238,Irkutsk State University,RU,Russia
U1239,1239,Istanbul Bilgi Üniversitesi,TR,Turkey
U1240,1240,Izmir Institute of Technology (IZTECH),TR,Turkey
U1241,1241,Jamia Hamdard,IN,India
U1242,1242,Kindai University (Kinki University),JP,Japan
U1243,1243,King Mongkut\'s Institute of Technology Ladkrabang,TH,Thailand
U1244,1244,Kwansei Gakuin University,JP,Japan
U1245,1245,Lucian Blaga University of Sibiu,RO,Romania
U1246,1246,Makerere University,UG,Uganda
U1247,1247,Mansoura University,EG,Egypt
U1248,1248,Marmara University,TR,Turkey
U1249,1249,Meiji University,JP,Japan
U1250,1250,Miami University,US,United States
U1251,1251,MIREA - Russian Technological University,RU,Russia
U1252,1252,Moscow City University,RU,Russia
U1253,1253,Moscow Pedagogical State University,RU,Russia
U1254,1254,National Dong Hwa University,TW,Taiwan
U1255,1255,National Research University Moscow Power Engineering Institute (MPEI),RU,Russia
U1256,1256,National Taipei University,TW,Taiwan
U1257,1257,National University of Life and Environmental Sciences of Ukraine,UA,Ukraine
U1258,1258,Northern Arizona University,US,United States
U1259,1259,Nova Southeastern University,US,United States
U1260,1260,Óbuda University,HU,Hungary
U1261,1261,OSMANIA UNIVERSITY,IN,India
U1262,1262,Panjab University,IN,India
U1263,1263,Pontificia Universidad Catolica Madre y Maestra,DO,Dominican Republic
U1264,1264,Pontificia Universidade Católica do Campinas - PUC Campinas,BR,Brazil
U1265,1265,Pontifícia Universidade Católica do Paraná,BR,Brazil
U1266,1266,Pontifícia Universidade Católica do Rio Grande do Sul (PUCRS),BR,Brazil
U1267,1267,Portland State University,US,United States
U1268,1268,Pukyong National University ,KR,South Korea
U1269,1269,Rikkyo University,JP,Japan
U1270,1270,Russian State Agrarian University - Moscow Timiryazev Agricultural Academy,RU,Russia
U1271,1271,Russian State University for the Humanities ,RU,Russia
U1272,1272,"Rutgers, The State University of New Jersey, Camden",US,United States
U1273,1273,Saken Seifullin Kazakh Agrotechnical University,KZ,Kazakhstan
U1274,1274,San Francisco State University,US,United States
U1275,1275,Shanghai Normal University,CN,China (Mainland)
U1276,1276,Shanghai University of Finance and Economics,CN,China (Mainland)
U1277,1277,Shibaura Institute of Technology,JP,Japan
U1278,1278,Slovak University of Agriculture in Nitra,SK,Slovakia
U1279,1279,Soochow University (Taiwan),TW,Taiwan
U1280,1280,Soongsil University,KR,South Korea
U1281,1281,Southwest University,CN,China (Mainland)
U1282,1282,SRM INSTITUTE OF SCIENCE AND TECHNOLOGY,IN,India
U1283,1283,Stefan cel Mare University of Suceava,RO,Romania
U1284,1284,Suez Canal University,EG,Egypt
U1285,1285,Suranaree University of Technology ,TH,Thailand
U1286,1286,Tamkang University,TW,Taiwan
U1287,1287,Tanta University ,EG,Egypt
U1288,1288,Technical University of Cluj-Napoca,RO,Romania
U1289,1289,"The ""Gheorghe Asachi"" Technical University of Iasi",RO,Romania
U1290,1290,The Hashemite University,JO,Jordan
U1291,1291,"The University of Notre Dame, Australia",AU,Australia
U1292,1292,The University of Texas at Arlington,US,United States
U1293,1293,Toraighyrov University,KZ,Kazakhstan
U1294,1294,Transilvania University of Brasov,RO,Romania
U1295,1295,Tunghai University,TW,Taiwan
U1296,1296,Universidad Autónoma de Baja California,MX,Mexico
U1297,1297,Universidad Autónoma de Chile,CL,Chile
U1298,1298,Universidad Autónoma de Querétaro (UAQ),MX,Mexico
U1299,1299,Universidad Autónoma de San Luis de Potosí,MX,Mexico
U1300,1300,Universidad Autonoma de Yucatan,MX,Mexico
U1301,1301,Universidad Autónoma del Estado de Morelos (UAEM),MX,Mexico
U1302,1302,Universidad Bernardo O'Higgins,CL,Chile
U1303,1303,Universidad Católica de Colombia ,CO,Colombia
U1304,1304,Universidad Católica de La Santísima Concepción - UCSC,CL,Chile
U1305,1305,Universidad Católica del Norte,CL,Chile
U1306,1306,Universidad Central de Chile,CL,Chile
U1307,1307,Universidad Central del Ecuador,EC,Ecuador
U1308,1308,Universidad de Caldas,CO,Colombia
U1309,1309,Universidad de Carabobo,VE,Venezuela
U1310,1310,Universidad de Cartagena,CO,Colombia
U1311,1311,Universidad de Cuenca,EC,Ecuador
U1312,1312,Universidad de Guanajuato,MX,Mexico
U1313,1313,Universidad de La Frontera (UFRO),CL,Chile
U1314,1314,Universidad de La Salle,CO,Colombia
U1315,1315,Universidad de La Serena,CL,Chile
U1316,1316,Universidad de Las Américas (UDLA) Ecuador,EC,Ecuador
U1317,1317,Universidad de las Fuerzas Armadas ESPE (Ex - Escuela Politécnica del Ejército),EC,Ecuador
U1318,1318,Universidad de Medellín,CO,Colombia
U1319,1319,Universidad de Panama,PA,Panama
U1320,1320,Universidad de Piura,PE,Peru
U1321,1321,Universidad de Puerto Rico,PR,Puerto Rico
U1322,1322,Universidad de San Carlos de Guatemala - USAC,GT,Guatemala
U1323,1323,Universidad de Santander - UDES,CO,Colombia
U1324,1324,Universidad de Sonora,MX,Mexico
U1325,1325,Universidad del Bío-Bío,CL,Chile
U1326,1326,Universidad del Cauca,CO,Colombia
U1327,1327,Universidad del Desarrollo (UDD),CL,Chile
U1328,1328,Universidad del Magdalena,CO,Colombia
U1329,1329,Universidad del Salvador,AR,Argentina
U1330,1330,Universidad del Valle de Mexico (UVM),MX,Mexico
U1331,1331,Universidad del Zulia,VE,Venezuela
U1332,1332,Universidad La Salle (ULSA),MX,Mexico
U1333,1333,Universidad Mayor de San Andrés (UMSA),BO,Bolivia
U1334,1334,Universidad Metropolitana,VE,Venezuela
U1335,1335,Universidad Nacional de Mar del Plata,AR,Argentina
U1336,1336,Universidad Nacional de Quilmes,AR,Argentina
U1337,1337,Universidad Nacional de San Martín (UNSAM),AR,Argentina
U1338,1338,Universidad Nacional de Tucumán,AR,Argentina
U1339,1339,Universidad Nacional del Comahue,AR,Argentina
U1340,1340,Universidad Nacional del Litoral,AR,Argentina
U1341,1341,Universidad Nacional del Sur,AR,Argentina
U1342,1342,Universidad Popular Autónoma del Estado de Puebla (UPAEP),MX,Mexico
U1343,1343,Universidad San Ignacio de Loyola,PE,Peru
U1344,1344,Universidad Tecnica Particular De Loja (UPTL),EC,Ecuador
U1345,1345,"Universidad Tecnológica de la Habana José Antonio Echeverría, Cujae",CU,Cuba
U1346,1346,Universidad Tecnológica de Pereira,CO,Colombia
U1347,1347,Universidad Veracruzana,MX,Mexico
U1348,1348,Universidade do Estado de Santa Catarina,BR,Brazil
U1349,1349,Universidade Estadual de Londrina,BR,Brazil
U1350,1350,Universidade Federal da Bahia,BR,Brazil
U1351,1351,Universidade Federal da Paraíba,BR,Brazil
U1352,1352,Universidade Federal de Goiás,BR,Brazil
U1353,1353,Universidade Federal de Santa Maria,BR,Brazil
U1354,1354,Universidade Federal de Uberlândia,BR,Brazil
U1355,1355,Universidade Federal de Viçosa (UFV),BR,Brazil
U1356,1356,Universidade Federal do Ceará (UFC),BR,Brazil
U1357,1357,Universidade Federal do Estado do Rio de Janeiro - UNIRIO,BR,Brazil
U1358,1358,Universidade Federal do Parà - UFPA,BR,Brazil
U1359,1359,Universidade Federal do Rio Grande Do Norte,BR,Brazil
U1360,1360,Universidade Federal Fluminense ,BR,Brazil
U1361,1361,Universidade Presbiteriana Mackenzie,BR,Brazil
U1362,1362,"Universita' degli Studi ""G. d'Annunzio"" Chieti Pescara",IT,Italy
U1363,1363,Università degli studi di Bergamo,IT,Italy
U1364,1364,Universitas Andalas,ID,Indonesia
U1365,1365,Universitas Muhammadiyah Surakarta,ID,Indonesia
U1366,1366,Universitas Sumatera Utara,ID,Indonesia
U1367,1367,Universitatea de Vest din Timisoara / West University of Timisoara,RO,Romania
U1368,1368,Université de Caen Normandie,FR,France
U1369,1369,Université de Tunis,TN,Tunisia
U1370,1370,Université de Tunis El Manar,TN,Tunisia
U1371,1371,Université Jean Moulin Lyon 3,FR,France
U1372,1372,Université Paris-Nanterre,FR,France
U1373,1373,University of Babylon,IQ,Iraq
U1374,1374,University of Basrah,IQ,Iraq
U1375,1375,University of Central Oklahoma,US,United States
U1376,1376,University of Colombo,LK,Sri Lanka
U1377,1377,University of Ghana,GH,Ghana
U1378,1378,University of International Business and Economics,CN,China (Mainland)
U1379,1379,University of Karachi,PK,Pakistan
U1380,1380,University of Khartoum,SD,Sudan
U1381,1381,University of Kragujevac,RS,Serbia
U1382,1382,University of Memphis,US,United States
U1383,1383,University of Niš,RS,Serbia
U1384,1384,University of North Carolina at Charlotte,US,United States
U1385,1385,University of North Carolina at Greensboro,US,United States
U1386,1386,University of Northern British Columbia,CA,Canada
U1387,1387,University of Novi Sad,RS,Serbia
U1388,1388,University of Rzeszów,PL,Poland
U1389,1389,University of Sarajevo ,BA,Bosnia and Herzegovina
U1390,1390,University of Silesia in Katowice,PL,Poland
U1391,1391,University of South Alabama (USA),US,United States
U1392,1392,University of Split,HR,Croatia
U1393,1393,University of Texas El Paso ,US,United States
U1394,1394,University of West Bohemia ,CZ,Czech Republic
U1395,1395,University POLITEHNICA of Bucharest,RO,Romania
U1396,1396,"University Politehnica of Timisoara, UPT",RO,Romania
U1397,1397,VSB - Technical University of Ostrava,CZ,Czech Republic
U1398,1398,Western Washington University,US,United States
U1399,1399,Yarmouk University,JO,Jordan
U1400,1400,Youngsan University,KR,South Korea
U1401,1401,Yuan Ze University,TW,Taiwan
U1402,1402,Zagazig University,EG,Egypt
U1403,1403,Ataturk University,TR,Turkey
U1404,1404,California State University Long Beach,US,United States
U1405,1405,Cukurova University,TR,Turkey
U1406,1406,Damascus University,SY,Syrian Arab Republic
U1407,1407,Erciyes Üniversitesi,TR,Turkey
U1408,1408,Pontificia Universidade Católica do Minas Gerais - PUC Minas,BR,Brazil
U1409,1409,Sakarya University,TR,Turkey
U1410,1410,Sudan University of Science and Technology,SD,Sudan
U1411,1411,Universidad Autónoma de Guadalajara (UAG),MX,Mexico
U1412,1412,"Universidad Católica Boliviana ""San Pablo""",BO,Bolivia
U1413,1413,Universidad Católica de Santiago de Guayaquil,EC,Ecuador
U1414,1414,Universidad Católica de Temuco,CL,Chile
U1415,1415,Universidad de Tarapaca,CL,Chile
U1416,1416,Universidad Mayor de San Simón Cochabamba,BO,Bolivia
U1417,1417,Universidad Michoacana de San Nicolás de Hidalgo,MX,Mexico
U1418,1418,Universidad Nacional Autónoma de Honduras (UNAH),HN,Honduras
U1419,1419,Universidad Tecnológica de Bolívar,CO,Colombia
U1420,1420,Université Mohammed V de Rabat,MA,Morocco
U1421,1421,University of Craiova,RO,Romania
U1422,1422,University of Oradea,RO,Romania
